Headline,Sport
England's Alexander-Arnold out of Euro 2020,football
Parrott's double spares Republic's blushes after Andorra take brief lead,football
Belgium's brilliant goals from Euro 2020 qualifying,football
Alisson set for talks over new Liverpool contract,football
The youngster who fled his country and made it to the Premier League - the rise of Man City and Ukraine's Zinchenko,football
Barca opt for 'continuity' as Laporta confirms Koeman is staying,football
Norwich dominate PFA Championship team of the year,football
World number one Belgium held by Greece in Euros warm-up,football
Uefa Super Cup game to go ahead in Belfast,football
Portugal strike late on to beat Spain and reach Euro U21 final,football
Man City fan fined £500 for racist abuse at derby game,football
‘He’s a genius’ - the inside story of Ronaldo’s Man Utd ‘apprenticeship',football
Watch all of Wales' Euro 2020 qualifying goals,football
'Merthyr of God' - Line of Duty star McClure and fiance Owen to sponsor non-league club,football
'It's not a good situation' - Southgate to wait for Alexander-Arnold injury update,football
Inter announce Inzaghi as new boss,football
Community Shield to be on 7 August,football
Celtic seek Uefa exemption to allow Postecoglou to become manager,football
Mbappe to Madrid will spark Ronaldo's PSG switch - Thursday's gossip,football
All aboard the Premier League managerial merry-go-round - who might go where?,football
'Grealish & Alexander-Arnold symbols of England's mixed night',football
Manager Adams leaves promoted Morecambe,football
Benteke signs new two-year Palace deal,football
Can you name Wales' goalscorers since Euro 2016?,football
Peterhead squad set for sponsored walk to raise money for team-mate's surgery,football
Southgate praises 'excellent' Saka & Bellingham after Austria win,football
Real Madrid aren't getting the same Ancelotti,football
Relive Scotland's dramatic Euro 2020 play-off win over Serbia,football
Watch England's best Euro 2020 qualifying goals,football
Pick your England Euro 2020 starting XI,football
'Ancelotti exit a cold shower on Everton ambitions',football
Match of the Day Top 10 podcast: Euro 96 most memorable moments,football
Can De Jong & De Ligt inspire Netherlands resurgence?,football
Did Southgate get tough calls right in England's Euro 2020 squad?,football
Match of the Day Top 10 podcast: Best Euro goals,football
Where - and who - are the next great English coaches? The ex-internationals learning from new FA scheme,football
Quiz: Name the clubs yet to make a play-off final,football
Can you recall every relegated Premier League side? Test your memory with our new spoken word quiz,football
Pick your favourite classic Euros kits,football
Only 13 players scored league goals against Rangers this season - can you name them?,football
Live sport online coverage from the BBC,football
Daily Euros podcast - the youngsters to watch for Euro 2020,football
Match of the Day Top 10 Podcast: Midfielders,football
"Daily Euros podcast: Southgate’s fitness fears, Scotland's satisfaction and Wales' French frustration",football
Match of the Day Top 10 podcast: Euro 1996,football
Daily Euros podcast: Southgate picks his Euros 26,football
Daily Euros bonus podcast: Ancelotti swaps Goodison for Bernabeu return,football
How a Man Utd legend left for Dunstable Town,football
'They ridiculed me before the match... we annihilated them',football
The impossible dream?,football
Family tears & PSG pressure - Messi's life-changing choice,football
All the latest from the Premier League,football
Scottish Premiership,football
Championship,football
Women's football,football
Welsh football,football
Irish football,football
European football,football
Live sport online coverage from the BBC,football
Daily Euros podcast - the youngsters to watch for Euro 2020,football
Match of the Day Top 10 Podcast: Midfielders,football
"Daily Euros podcast: Southgate’s fitness fears, Scotland's satisfaction and Wales' French frustration",football
Match of the Day Top 10 podcast: Euro 1996,football
Daily Euros podcast: Southgate picks his Euros 26,football
Daily Euros bonus podcast: Ancelotti swaps Goodison for Bernabeu return,football
Hamilton backs 'brave' Osaka withdrawal,formula1
"'A dizzying intellect and an intimidating, often controversial, man' - Max Mosley obituary",formula1
Azerbaijan Grand Prix coverage on the BBC,formula1
Former motorsport boss Max Mosley dies at 81,formula1
Leclerc car failure caused by crash in qualifying - Ferrari,formula1
Mercedes could protest over flex-wings in Baku,formula1
Verstappen does his talking on the track as Mercedes and Hamilton look for answers,formula1
Chequered Flag podcast: Monaco GP review,formula1
Verstappen takes title lead from frustrated Hamilton with Monaco win,formula1
Style over substance: Is the racing at Monaco really rubbish?,formula1
Leclerc crash not the only drama around intriguing Monaco,formula1
How the Monaco Grand Prix unfolded,formula1
F1 a billionaire boys' club - Hamilton,formula1
"Leclerc on Monaco pole despite crash, Hamilton seventh",formula1
Hamilton takes control as Mercedes' racing instinct comes to the fore,formula1
'Hamilton's 100th pole is more than just a number',formula1
'Out of an early mistake comes another Hamilton masterclass',formula1
Floyd verdict a new dawn - Hamilton,formula1
Stone cold classic launches Hamilton v Verstappen show,formula1
Tense and gripping - a prelude to what could be a classic season,formula1
Andrew Benson,formula1
The F1 champion crowned beyond the grave,formula1
The exceptional kid who conquered the world,formula1
Is F1 poised for a Mercedes-Red Bull battle in 2021?,formula1
Murray Walker - a legend with effervescent enthusiasm,formula1
Chequered Flag podcast: Spanish GP review,formula1
Chequered Flag podcast: Portuguese GP review,formula1
Highlights: Vandoorne wins exciting Formula E race in Rome,formula1
Highlights: Vergne wins Formula E race three in Rome,formula1
Alonso feels 'lucky' on F1 return,formula1
'The high-octane voice behind a high-octane sport' - Murray Walker dies at 97,formula1
'Murray Walker we adore you' - Formula 1 legend in his own words,formula1
Chequered Flag podcast: Spanish GP review,formula1
Chequered Flag podcast: Portuguese GP review,formula1
Highlights: Vandoorne wins exciting Formula E race in Rome,formula1
Highlights: Vergne wins Formula E race three in Rome,formula1
Alonso feels 'lucky' on F1 return,formula1
'The high-octane voice behind a high-octane sport' - Murray Walker dies at 97,formula1
'Murray Walker we adore you' - Formula 1 legend in his own words,formula1
England fight back after Conway's 200 for New Zealand,cricket
England may review social media of future players - Thorpe,cricket
England battle after Conway's double century for New Zealand,cricket
Watch the best of Conway's double century for New Zealand,cricket
'What an innings!' Conway completes brilliant double century with a six,cricket
Watch on iPlayer: Today at the Test,cricket
TMS podcast: England fight back as Conway makes 200,cricket
England v New Zealand - first Test scorecard,cricket
'Women could play more Test cricket',cricket
Umpires withdraw ECB racism claim,cricket
Gregory ton leads Somerset fightback against Hampshire,cricket
Australia's Harris scores ton to put Leics on top of Glos,cricket
Clarke leads Notts innings against Essex after hand injury,cricket
Brown leads Sussex fightback at Headingley,cricket
England v New Zealand - schedule,cricket
England debutant Robinson apologises for racist and sexist tweets,cricket
New Zealand lose four wickets for six runs in brilliant spell for England,cricket
Wood dismisses Nicholls for 61 as England make breakthrough,cricket
Conway hits century on Test debut as New Zealand dominate,cricket
New Zealand's Conway reaches century on Test debut,cricket
'Got him!' Anderson bowls New Zealand captain Williamson for 13,cricket
'I deeply regret my actions' - Robinson apologises for offensive tweets,cricket
"Spiders in Zimbabwe, champagne in Southend - the making of England head coach Silverwood",cricket
'I'm always up to mischief' - The livewire India batter aiming to light up The Hundred,cricket
Will Vipers retain title? Your guide to the Rachael Heyhoe Flint Trophy,cricket
"Mr X, Bitcoin and fleeing the country - inside cricket's fight against corruption ",cricket
'I can tell where the ball has been hit by listening to the stump mic' - cricket's first blind commentator,cricket
Damp return to live cricket but fans bowled over,cricket
Sport 2050: Cricket beneath the dome,cricket
Future tour dates,cricket
Jonathan Agnew - analysis and opinion from the BBC's cricket correspondent,cricket
The Hundred 2021 - full squad lists,cricket
The Hundred 2021 - full fixture list,cricket
Live cricket coverage on the BBC,cricket
"Tuffers & Vaughan podcast: England's summer starts here, and thank you Mr Tufnell",cricket
TMS podcast: A Roses battle to live long in the memory,cricket
Stumped podcast: Cricket's Jem-stone,cricket
"Tailenders podcast: Hick, Partridge and cupcakes",cricket
Sportshour podcast: How could sport look in 2050?,cricket
The LGBT Sport podcast: The One on the Unicorns v Graces match,cricket
England cricket team,cricket
Scotland cricket team,cricket
Ireland cricket team,cricket
Women's cricket,cricket
Live cricket coverage on the BBC,cricket
"Tuffers & Vaughan podcast: England's summer starts here, and thank you Mr Tufnell",cricket
TMS podcast: A Roses battle to live long in the memory,cricket
Stumped podcast: Cricket's Jem-stone,cricket
"Tailenders podcast: Hick, Partridge and cupcakes",cricket
Sportshour podcast: How could sport look in 2050?,cricket
The LGBT Sport podcast: The One on the Unicorns v Graces match,cricket
Listen - Nadal v Gasquet in French Open second round,tennis
Federer brushes off umpire row to join Djokovic in third round,tennis
GB's Norrie into French Open third round for first time,tennis
Murray skips Nottingham event to focus on Queen's,tennis
'I've had my fair share of tears' - injury forces Barty to quit French Open,tennis
F1 world champion Hamilton backs 'brave' Osaka withdrawal,tennis
Murray and Salisbury both advance,tennis
French Open - live scores & order of play,tennis
Williams 'happy to get through' battle with Buzarnescu ,tennis
Medvedev overcomes slow start to earn another French Open win,tennis
Doubles pair out of French Open after positive Covid-19 tests,tennis
'Where is pay-off for getting vaccinated?' - Jamie Murray criticises Wimbledon restrictions,tennis
Suarez Navarro narrowly misses out on dream win at French Open after cancer,tennis
Grand Slams pledge 'meaningful improvements' after Osaka withdrawal,tennis
What does Osaka's French Open withdrawal mean for tennis?,tennis
The man who took a 'scaredy cat' and built a 'raging bull',tennis
The sides of Djokovic that shaped a champion,tennis
Quiz: Federer at the Grand Slams,tennis
More fans and night sessions - everything you need to know about the French Open,tennis
'It's harder to deal with success than losing' - Swiatek on defending French Open title,tennis
5 Live Sport Specials: All About Djokovic,tennis
Quiz: Can you name every Wimbledon men's champion?,tennis
Quiz: Can you name every Wimbledon women's champion,tennis
How well do you know Andy Murray?,tennis
Quiz: When tennis stars retire early,tennis
I wish I could give Osaka a hug - Williams,tennis
'I walk onto the tennis court in my Jordans and basketball shirt',tennis
'I got upset & lost my cool' - Djokovic shouts at umpire over playing conditions,tennis
Osaka 'not really sure' Olympics should happen,tennis
Best shots: Brilliant Boulter secures victory for Great Britain,tennis
Best shots as Watson win puts GB in control,tennis
Highlights: Evans beats Goffin to reach Monte Carlo semi,tennis
Tennis' 'most awkward' champion & the true power of her voice,tennis
The near-death experience still shaping a 'future champion',tennis
'I'd go back and have all the fun again' - Sue Barker on 1976 French Open win,tennis
How Sampras defied injury to become 'the greatest',tennis
The 16-year-old set to rule the tennis world,tennis
The problem with celebrating tennis’ most successful player,tennis
The pioneering champion America forgot,tennis
I wish I could give Osaka a hug - Williams,tennis
'I walk onto the tennis court in my Jordans and basketball shirt',tennis
'I got upset & lost my cool' - Djokovic shouts at umpire over playing conditions,tennis
Osaka 'not really sure' Olympics should happen,tennis
Best shots: Brilliant Boulter secures victory for Great Britain,tennis
Best shots as Watson win puts GB in control,tennis
Highlights: Evans beats Goffin to reach Monte Carlo semi,tennis
Second-half chances went unrewarded as Northern Ireland fell to a 1-0 friendly defeat against Ukraine on Thursday night.,football
Watch Netherlands vs Germany in the second European U21 Championship semi-final via the Sky Sports Football YouTube channel. ,football
"All of Thursday's latest scores, fixtures and results on a busy night of international friendlies and European U21 Championship action. ",football
England edged Austria 1-0 in their first Euro 2020 warm-up game but who starred and who struggled at the Riverside?,football
"We pick out the key talking points, including Trent Alexander-Arnold's injury, Jude Bellingham's growing reputation, and a formation hint from Gareth Southgate...",football
News in brief and social media updates ahead of this summer's big event...,football
Back-page headlines and transfer rumours from Thursday's newspapers...,football
Scotland kicked off their Euro 2020 preparations with a 2-2 draw with the Netherlands in Portugal.,football
"Favourites France got their Euro 2020 preparations off to a fine start with a 3-0 win over Wales, who played over an hour with 10 men in Nice.",football
Bukayo Saka got England's Euro 2020 preparations off to a winning start - but there was an injury blow with Trent Alexander-Arnold forced off.,football
England manager Gareth Southgate believes some fans do not understand the message behind players taking a knee before games after the gesture was booed against Austria.,football
Get planning for the summer...,football
Gareth Southgate has named his final 26-man England squad for Euro 2020. Choose your starting XI for the opening match against Croatia on June 13 at Wembley.,football
"The latest build-up ahead of the Azerbaijan GP, with Valtteri Bottas still waiting for a plane in Finland for his arrival in Baku.",f1
"After a painful Monaco for Daniel Ricciardo, Mark Hughes assesses the McLaren driver's proud Baku record and asks whether it can be where he finds a 2021 breakthrough.",f1
New F1 championship leader Max Verstappen expects Mercedes to be more competitive on the streets of Baku than Monaco.,f1
Find out when to watch all the live coverage of the Azerbaijan GP live only on Sky Sports F1 this weekend.,f1
Aston Martin have announced a partnership with Racing Pride and revealed initiatives for June's Pride Month.,f1
Helio Castroneves claimed a historic fourth Indianapolis 500 victory on Sunday after overtaking Alex Palou in the closing laps to win a gripping race at the Brickyard.,f1
"The remainder of the 2021 Pakistan Super League will be played in Abu Dhabi from June 9, with the final set for June 24.",cricket
England's Adil Rashid believes The Hundred will be crucial in making cricket more diverse when it launches this summer.,cricket
Over-by-over commentary and in-play clips from the first Test between England and New Zealand at Lord's. Watch live on Sky Sports Cricket.,cricket
"The latest score from Lord's as England and New Zealand meet in the first Test of a two-match series, live on Sky Sports Cricket.",cricket
"Updates from Roland Garros with Ashleigh Barty, Roger Federer, Novak Djokovic, and Rafael Nadal among the names in action on Thursday.",tennis
"The 2020 runner-up Sofia Kenin, and Elina Svitolina both progressed safely into third round of the French Open on Thursday. ",tennis
Andy Murray has pulled out of the Nottingham Open to focus on Queen's and Wimbledon.,tennis
Casper Ruud is this year's dark horse at Roland Garros following his rapid rise up the ATP Tour rankings. He's even become a sporting celebrity back home in Norway.,tennis
